<?xml version="1.0" encoding="UTF-8"?>
<!DOCTYPE platform PUBLIC "-//NetBeans//DTD Davlik PlatformDefinition 1.0//EN" "http://www.netbeans.org/dtds/dalvik-platformdefinition-1_0.dtd">
<platform name="Android-2.3.3">
    <properties>
        <property name="android.default.skin" value="QVGA-L"/>
        <property name="android.skins" value="QVGA-L,QVGA-P,HVGA-L,HVGA-P"/>
        <property name="platform.ant.name" value="Android-2.3.3"/>
    </properties>
    <sysproperties/>
    <home>
        <resource>file:/opt/android-sdk-linux_x86/platforms/android-10/</resource>
    </home>
</platform>
