<?xml version="1.0" encoding="UTF-8"?>
<!DOCTYPE fontscolors PUBLIC "-//NetBeans//DTD Editor Fonts and Colors settings 1.1//EN" "http://www.netbeans.org/dtds/EditorFontsColors-1_1.dtd">
<fontscolors>
    <fontcolor bgColor="ff2b2b2b" foreColor="white" name="error" waveUnderlined="red"/>
    <fontcolor foreColor="white" name="char"/>
    <fontcolor foreColor="ffdd7522" name="keyword"/>
    <fontcolor name="whitespace"/>
    <fontcolor foreColor="ffeddd3d" name="number"/>
    <fontcolor default="keyword" name="markup-element"/>
    <fontcolor name="url" underline="blue"/>
    <fontcolor foreColor="ffd27522" name="operator"/>
    <fontcolor default="identifier" name="field"/>
    <fontcolor bgColor="ff2b2b2b" foreColor="ffdddddd" name="default">
        <font name="Envy Code R" size="14"/>
    </fontcolor>
    <fontcolor foreColor="ff669933" name="string"/>
    <fontcolor default="string" name="markup-attribute-value"/>
    <fontcolor default="default" name="entity-reference"/>
    <fontcolor default="identifier" foreColor="white" name="method"/>
    <fontcolor foreColor="ff7b7b7b" name="comment">
        <font style="italic"/>
    </fontcolor>
    <fontcolor name="identifier"/>
    <fontcolor name="separator"/>
    <fontcolor default="field" name="markup-attribute"/>
</fontscolors>
