<?xml version="1.0" encoding="UTF-8"?>
<!DOCTYPE fontscolors PUBLIC "-//NetBeans//DTD Editor Fonts and Colors settings 1.1//EN" "http://www.netbeans.org/dtds/EditorFontsColors-1_1.dtd">
<fontscolors>
    <fontcolor name="error" underline="ffff3333"/>
    <fontcolor foreColor="ff8aa6c1" name="char"/>
    <fontcolor foreColor="fff9ee93" name="keyword"/>
    <fontcolor name="whitespace"/>
    <fontcolor foreColor="ff99ff00" name="number"/>
    <fontcolor default="keyword" name="markup-element"/>
    <fontcolor name="operator"/>
    <fontcolor name="url" underline="blue"/>
    <fontcolor default="identifier" name="field"/>
    <fontcolor bgColor="ff0e0e0e" foreColor="white" name="default">
        <font name="Envy Code R" size="14"/>
    </fontcolor>
    <fontcolor foreColor="ff8f9d6a" name="string"/>
    <fontcolor default="string" name="markup-attribute-value"/>
    <fontcolor default="default" foreColor="magenta" name="entity-reference"/>
    <fontcolor default="identifier" foreColor="white" name="method"/>
    <fontcolor foreColor="ffcccccb" name="comment">
        <font style="italic"/>
    </fontcolor>
    <fontcolor foreColor="ff6185a6" name="identifier"/>
    <fontcolor name="separator"/>
    <fontcolor default="field" foreColor="white" name="markup-attribute"/>
</fontscolors>
