<history>
    <sql date='1298205775125' url='jdbc:h2:nioMapped:~/scratch/bindb-test;TRACE_LEVEL_FILE=0;COMPRESS_LOB=DEFLATE'>
        create table &quot;ex_instructions3&quot;
(
	&quot;address&quot; bigint not null,
	&quot;data&quot; bytea(15) not null
)
    </sql>
    <sql date='1298205342978' url='jdbc:h2:nioMapped:~/scratch/bindb-test;TRACE_LEVEL_FILE=0;COMPRESS_LOB=DEFLATE'>
        create table &quot;ex_instructions2&quot;
(
	&quot;address&quot; bigint not null,
	&quot;data&quot; bytea not null
)
    </sql>
    <sql date='1298205162204' url='jdbc:h2:nioMapped:~/scratch/bindb-test;TRACE_LEVEL_FILE=0;COMPRESS_LOB=DEFLATE'>
        create table &quot;ex_instructions&quot;
(
	&quot;address&quot; bigint not null,
	&quot;data&quot; bytea not null
)
    </sql>
    <sql date='1298204823591' url='jdbc:h2:nioMapped:~/scratch/bindb-test;TRACE_LEVEL_FILE=0;COMPRESS_LOB=DEFLATE'>
        create table &quot;ex_instructions&quot;
(
	&quot;address&quot; bigint not null,
	&quot;data&quot; bytea not null
)
    </sql>
</history>
