<?xml version="1.0" encoding="UTF-8"?>
<!DOCTYPE fontscolors PUBLIC "-//NetBeans//DTD Editor Fonts and Colors settings 1.1//EN" "http://www.netbeans.org/dtds/EditorFontsColors-1_1.dtd">
<fontscolors>
    <fontcolor name="error" waveUnderlined="red"/>
    <fontcolor foreColor="ffe08400" name="char"/>
    <fontcolor foreColor="ff0a0a7c" name="keyword"/>
    <fontcolor foreColor="black" name="whitespace"/>
    <fontcolor foreColor="ffcc7800" name="number"/>
    <fontcolor default="keyword" name="markup-element"/>
    <fontcolor name="url" underline="blue"/>
    <fontcolor foreColor="black" name="operator"/>
    <fontcolor default="identifier" foreColor="ff989800" name="field"/>
    <fontcolor bgColor="white" foreColor="black" name="default">
        <font name="Envy Code R" size="14"/>
    </fontcolor>
    <fontcolor foreColor="ffcc7800" name="string"/>
    <fontcolor default="default" foreColor="black" name="entity-reference"/>
    <fontcolor default="field" name="markup-attribute-value"/>
    <fontcolor default="identifier" name="method"/>
    <fontcolor foreColor="ff748ab0" name="comment"/>
    <fontcolor foreColor="black" name="identifier"/>
    <fontcolor name="separator"/>
    <fontcolor default="value" name="markup-attribute"/>
</fontscolors>
