<?xml version="1.0" encoding="UTF-8"?>
<!DOCTYPE fontscolors PUBLIC "-//NetBeans//DTD Editor Fonts and Colors settings 1.1//EN" "http://www.netbeans.org/dtds/EditorFontsColors-1_1.dtd">
<fontscolors>
    <fontcolor bgColor="ff3f4040" foreColor="ff93b3a3" name="code-folding"/>
    <fontcolor foreColor="ff99ccff" name="caret-color-insert-mode"/>
    <fontcolor bgColor="fff8f893" foreColor="ff385f38" name="block-search"/>
    <fontcolor foreColor="ff253e5a" name="text-limit-line-color"/>
    <fontcolor bgColor="ffdfdfdf" name="readonly-files"/>
    <fontcolor bgColor="ff737326" name="nbeditor-bracesMatching-match-multichar"/>
    <fontcolor bgColor="ff262626" foreColor="ff9fafaf" name="line-number"/>
    <fontcolor name="hyperlinks" underline="blue"/>
    <fontcolor bgColor="black" name="highlight-caret-row"/>
    <fontcolor bgColor="ffccdc90" foreColor="ff2e4340" name="status-bar-bold"/>
    <fontcolor foreColor="magenta" name="caret-color-overwrite-mode"/>
    <fontcolor bgColor="ff585858" name="selection"/>
    <fontcolor bgColor="ff88b090" foreColor="ff2e3330" name="status-bar"/>
    <fontcolor bgColor="fff8f893" foreColor="ff385f38" name="inc-search"/>
    <fontcolor name="synchronized-text-blocks-ext"/>
    <fontcolor bgColor="ff3f4040" foreColor="ff93b3a3" name="code-folding-bar"/>
    <fontcolor bgColor="ff38566f" name="highlight-search"/>
    <fontcolor bgColor="ff2f2f2f" foreColor="ff80d4aa" name="nbeditor-bracesMatching-mismatch-multichar"/>
    <fontcolor bgColor="magenta" foreColor="ff996600" name="synchronized-text-blocks-ext-slave"/>
    <fontcolor name="guarded"/>
    <fontcolor bgColor="ff333333" name="nbeditor-bracesMatching-match">
        <font style="bold"/>
    </fontcolor>
    <fontcolor bgColor="ff2f2f2f" foreColor="ff80d4aa" name="nbeditor-bracesMatching-mismatch">
        <font style="bold"/>
    </fontcolor>
</fontscolors>
