<?xml version="1.0" encoding="UTF-8"?>
<!DOCTYPE fontscolors PUBLIC "-//NetBeans//DTD Editor Fonts and Colors settings 1.1//EN" "http://www.netbeans.org/dtds/EditorFontsColors-1_1.dtd">
<fontscolors>
    <fontcolor bgColor="ff2f2f2f" foreColor="ff80d4aa" name="error"/>
    <fontcolor foreColor="ff8aa6c1" name="char"/>
    <fontcolor foreColor="ffc3bf9f" name="keyword">
        <font style="bold"/>
    </fontcolor>
    <fontcolor name="whitespace"/>
    <fontcolor foreColor="ff8cd0d3" name="number"/>
    <fontcolor default="keyword" name="markup-element"/>
    <fontcolor foreColor="fff0efd0" name="operator"/>
    <fontcolor name="url"/>
    <fontcolor default="identifier" name="field"/>
    <fontcolor bgColor="ff3f3f3f" foreColor="ffdcdccc" name="default">
        <font name="Envy Code R" size="16"/>
    </fontcolor>
    <fontcolor foreColor="ffcc9393" name="string"/>
    <fontcolor default="string" name="markup-attribute-value"/>
    <fontcolor default="default" foreColor="ffbca3a3" name="entity-reference"/>
    <fontcolor default="identifier" name="method"/>
    <fontcolor foreColor="ff7f9f7f" name="comment">
        <font style="italic"/>
    </fontcolor>
    <fontcolor name="identifier"/>
    <fontcolor foreColor="ff8f8f8f" name="separator"/>
    <fontcolor default="field" name="markup-attribute"/>
</fontscolors>
